date,t_min_c_pred,t_max_c_pred,t_avg_c_pred,humidity_avg_pct_pred,rain_probability,rain_predicted
2024-01-01,22.714259024208257,30.196652816609966,26.456863194185434,59.788903107689016,0.08879932029471171,Sunny
2024-01-02,23.718245963635173,30.66746103039814,26.85581747579102,60.96119431476213,0.0926381199908634,Sunny
2024-01-03,24.13421310373758,30.956406356243445,28.572154339827375,63.807541983997204,0.09185402953537382,Sunny
2024-01-04,24.147667940255083,31.087143951918815,28.904719399511617,64.52357971335674,0.10744608619904772,Sunny
2024-01-05,24.415782948792952,31.35407507017258,28.94303163844548,64.51270653413816,0.11595204922526148,Sunny
2024-01-06,24.415782948792952,31.538328084935113,28.670110735835916,64.51270653413816,0.11595204922526148,Sunny
2024-01-07,24.837249592098228,33.303148540432424,28.762457668237815,65.25019441702622,0.11595204922526148,Sunny
2024-01-08,24.837249592098228,33.340216944247146,28.69994962125604,63.356298659692264,0.11595204922526148,Sunny
2024-01-09,24.701171583355308,32.85298733458135,28.708882053650925,62.81433094307319,0.11595204922526148,Sunny
2024-01-10,24.448955024158437,32.248401026770935,28.009845764068412,61.27380755674745,0.09429230879601833,Sunny
2024-01-11,24.448955024158437,31.86625044461981,27.867156639528403,61.85167975502916,0.05199671616907007,Sunny
2024-01-12,24.093699800234386,31.802035476926463,27.895450431028614,62.00355488596437,0.057924779186815226,Sunny
2024-01-13,24.01344317016865,31.802035476926463,27.895450431028614,61.89748991194891,0.057924779186815226,Sunny
2024-01-14,24.01344317016865,31.920981332458865,27.895450431028614,61.3196177136672,0.057924779186815226,Sunny
2024-01-15,24.11445998417072,32.95813101789267,28.11656535050519,61.3196177136672,0.057924779186815226,Sunny
2024-01-16,24.143708897673672,32.969076360802475,28.06876121102593,65.04448960312584,0.07189371293783911,Sunny
2024-01-17,24.143708897673672,32.969076360802475,28.06876121102593,64.86357863469776,0.07189371293783911,Sunny
2024-01-18,24.181659716488195,32.26260939480693,27.675047813503202,64.62746203658891,0.05638167786843229,Sunny
2024-01-19,25.4431819157529,30.891920761753823,27.705281058342717,62.27824935357881,0.04830737767028674,Sunny
2024-01-20,24.31022221845795,32.08008496878561,28.506435386925784,64.94520158246551,0.05638167786843229,Sunny
2024-01-21,24.31022221845795,32.14690480294387,28.392695694828312,64.94520158246551,0.05638167786843229,Sunny
2024-01-22,24.31022221845795,32.14690480294387,28.392695694828312,64.94520158246551,0.05638167786843229,Sunny
2024-01-23,24.82264988438921,32.67713832946301,28.438485260239748,66.96379236236207,0.07322932348740814,Sunny
2024-01-24,24.320689444742722,33.13675748126782,29.207423136215805,67.17330489806149,0.07322932348740814,Sunny
2024-01-25,24.53458386290221,33.13675748126782,29.28880130659807,67.75348535521871,0.07322932348740814,Sunny
2024-01-26,24.53458386290221,33.13675748126782,29.28880130659807,66.49964610523728,0.07322932348740814,Sunny
2024-01-27,24.53458386290221,33.11082584259302,29.191222803880102,66.03495849228729,0.05638167786843229,Sunny
2024-01-28,24.488436920165768,33.3647192127598,29.257963548849116,65.45708629400558,0.05638167786843229,Sunny
2024-01-29,24.807327575771463,33.313163078448135,29.402145231990225,64.03832592616774,0.05060305423670915,Sunny
2024-01-30,24.943405584514384,33.313163078448135,29.402145231990225,63.84813331610205,0.05060305423670915,Sunny
2024-01-31,24.989552527250826,33.21128242026299,29.320381753156532,64.42600551438377,0.05060305423670915,Sunny
2024-02-01,24.312198581057388,33.20409508999427,29.262799243886224,63.14421384386644,0.035023827512037205,Sunny
2024-02-02,24.312198581057388,33.20409508999427,29.262799243886224,63.14421384386644,0.035023827512037205,Sunny
2024-02-03,24.312198581057388,33.20409508999427,29.262799243886224,63.14421384386644,0.035023827512037205,Sunny
2024-02-04,24.445956920698684,33.20409508999427,29.113380957309666,63.14421384386644,0.035023827512037205,Sunny
2024-02-05,24.240821225122804,33.62078997536967,28.672249733522197,63.14421384386644,0.035023827512037205,Sunny
2024-02-06,24.406713949554106,33.66973807088798,29.0520959957167,64.24131891925482,0.04064085298541837,Sunny
2024-02-07,24.406713949554106,33.66973807088798,29.067443641661175,64.43151152932052,0.04064085298541837,Sunny
2024-02-08,24.168079924014148,33.747846785520544,29.095737433161386,66.19555409671847,0.045336166526666465,Sunny
2024-02-09,24.168079924014148,33.747846785520544,29.095737433161386,65.61768189843676,0.045336166526666465,Sunny
2024-02-10,24.168079924014148,33.80450653693022,29.089908674454044,65.61768189843676,0.045336166526666465,Sunny
2024-02-11,24.168079924014148,33.813538562117316,29.089908674454044,65.61768189843676,0.045336166526666465,Sunny
2024-02-12,24.127244328754696,33.62826571840842,28.84660605535772,64.38601081377885,0.043363819722460464,Sunny
2024-02-13,24.398060724563674,33.62826571840842,28.84660605535772,64.38601081377885,0.043363819722460464,Sunny
2024-02-14,24.715367003250762,34.160362297330074,29.229616483217573,65.63754235162158,0.042988826564508545,Sunny
2024-02-15,24.715367003250762,34.160362297330074,29.229616483217573,65.63754235162158,0.042988826564508545,Sunny
2024-02-16,24.571384604314098,34.100528087923955,29.133607726937324,64.62055501588745,0.043363819722460464,Sunny
2024-02-17,24.571384604314098,34.100528087923955,29.133607726937324,64.62055501588745,0.043363819722460464,Sunny
2024-02-18,24.571384604314098,34.100528087923955,29.133607726937324,64.62055501588745,0.043363819722460464,Sunny
2024-02-19,24.571384604314098,33.73840778567506,29.043595148594942,64.62055501588745,0.043363819722460464,Sunny
2024-02-20,24.571384604314098,33.73840778567506,29.043595148594942,64.62055501588745,0.043363819722460464,Sunny
2024-02-21,24.571384604314098,33.73840778567506,29.06132897096747,64.62055501588745,0.043363819722460464,Sunny
2024-02-22,24.72231250563298,34.27178617210333,29.21227655462628,65.63754235162158,0.053231444890393616,Sunny
2024-02-23,24.72231250563298,34.27178617210333,29.21227655462628,65.63754235162158,0.053231444890393616,Sunny
2024-02-24,25.196779295906307,34.54159734939492,29.344354633071962,66.45153114801214,0.09318464820848267,Sunny
2024-02-25,25.196779295906307,34.72652759558598,29.470672211464247,67.253277139565,0.11068162392560552,Sunny
2024-02-26,25.196779295906307,34.72652759558598,29.470672211464247,67.253277139565,0.11068162392560552,Sunny
2024-02-27,25.196779295906307,34.67510713884833,29.470672211464247,67.253277139565,0.11068162392560552,Sunny
2024-02-28,25.59724433619718,34.67510713884833,29.55882732552354,67.70945683700798,0.1097913038626784,Sunny
2024-02-29,25.59724433619718,34.67510713884833,29.55882732552354,67.70945683700798,0.1097913038626784,Sunny
2024-03-01,26.252050552586063,35.510259619528,30.299771427171194,69.8390391954671,0.09818755910572018,Sunny
2024-03-02,26.252050552586063,35.510259619528,30.299771427171194,71.97724671711711,0.09818755910572018,Sunny
2024-03-03,26.41299241439397,35.510259619528,30.299771427171194,71.97724671711711,0.09818755910572018,Sunny
2024-03-04,26.41299241439397,35.510259619528,30.299771427171194,72.11597239742423,0.09818755910572018,Sunny
2024-03-05,26.121817259355357,35.36730293557907,30.299771427171194,72.51602320350806,0.09818755910572018,Sunny
2024-03-06,26.121817259355357,35.36730293557907,30.299771427171194,72.02692679715071,0.09818755910572018,Sunny
2024-03-07,26.072612578821907,35.36730293557907,30.32218141076811,72.51602320350806,0.09818755910572018,Sunny
2024-03-08,26.421444455734573,35.34218329908784,30.299771427171194,71.80365788730191,0.09818755910572018,Sunny
2024-03-09,26.151488464814626,35.730229896125785,30.582892996284087,72.04991200334638,0.09818755910572018,Sunny
2024-03-10,26.151488464814626,35.75534953261701,30.582892996284087,71.74987090860459,0.09818755910572018,Sunny
2024-03-11,26.382321208774723,35.865671277560025,30.756496252075344,72.3622265134687,0.09818755910572018,Sunny
2024-03-12,26.73115308568739,36.00862796150896,30.73408626847843,72.01230112959975,0.09818755910572018,Sunny
2024-03-13,26.73115308568739,36.00862796150896,30.73408626847843,72.01230112959975,0.09818755910572018,Sunny
2024-03-14,26.813727493805693,36.00862796150896,30.73408626847843,72.01230112959975,0.09818755910572018,Sunny
2024-03-15,26.813727493805693,36.00862796150896,30.73408626847843,72.01230112959975,0.09818755910572018,Sunny
2024-03-16,26.813727493805693,36.00862796150896,30.73408626847843,72.01230112959975,0.09818755910572018,Sunny
2024-03-17,26.959391664212568,36.23167563459365,30.875146964030417,72.01230112959975,0.09818755910572018,Sunny
2024-03-18,27.389869691261964,36.29299386445911,31.182010010172025,69.41175854983948,0.0947018646747142,Sunny
2024-03-19,27.389869691261964,36.29299386445911,31.182010010172025,69.41175854983948,0.0947018646747142,Sunny
2024-03-20,27.389869691261964,36.34733872181809,31.182010010172025,69.41175854983948,0.0947018646747142,Sunny
2024-03-21,27.238330228252792,35.761980885269395,30.892514333088588,68.97546751453874,0.0947018646747142,Sunny
2024-03-22,26.902634443284374,35.62538392644643,30.62702464663224,70.74562596554894,0.09574621979682384,Sunny
2024-03-23,27.057234804776392,36.16156533114358,30.887736232148217,70.76715428970155,0.09574621979682384,Sunny
2024-03-24,27.102500206339496,36.401227916102826,31.0843342267794,69.65362088854555,0.09714430382261242,Sunny
2024-03-25,27.102500206339496,36.3362560949039,31.0843342267794,69.55696559267248,0.09714430382261242,Sunny
2024-03-26,27.102500206339496,36.3362560949039,31.0843342267794,69.55696559267248,0.14629822174657545,Sunny
2024-03-27,27.60866876243752,36.66415824622545,31.31394034412563,69.28215038209422,0.07506675256082833,Sunny
2024-03-28,27.671030240517346,37.052405583290664,31.659623608190586,68.15128530420195,0.1289514215468292,Sunny
2024-03-29,27.644150433316618,37.007201389237004,31.56300165259873,68.42645100554127,0.1643762642225291,Sunny
2024-03-30,28.233553603587733,36.97581123989065,31.570551408177707,68.37538152474986,0.15655762160706588,Sunny
2024-03-31,28.233553603587733,36.97581123989065,31.570551408177707,68.37538152474986,0.15655762160706588,Sunny
2024-04-01,27.252241327130946,36.31171252540527,31.375958350964474,67.89255439370791,0.16442857408279798,Sunny
2024-04-02,27.069512591967705,36.31171252540527,31.165870179306385,67.89255439370791,0.16442857408279798,Sunny
2024-04-03,26.202242378671645,35.22915250876092,30.52489318311901,71.84425830411794,0.14855095547038516,Sunny
2024-04-04,25.789794038255014,34.57327617495407,29.818756803384016,73.45349022026522,0.14164107629756806,Sunny
2024-04-05,25.95569587536595,34.57327617495407,29.818756803384016,73.52834335858935,0.14164107629756806,Sunny
2024-04-06,25.72435880828358,34.13904573817895,29.3277644260393,73.5322350974438,0.2625767236643477,Sunny
2024-04-07,25.43188108266504,34.51721245117091,29.50940150447513,73.1254261952656,0.18407607100056586,Sunny
2024-04-08,26.03142035086525,34.95144288794603,30.080050855187437,72.9058752421619,0.18271666624798436,Sunny
2024-04-09,25.749474441846875,34.72209943132448,29.58905847784272,73.05999269804735,0.18271666624798436,Sunny
2024-04-10,25.749474441846875,34.72209943132448,29.58905847784272,72.86239980433137,0.18271666624798436,Sunny
2024-04-11,25.823079971692813,34.72209943132448,29.58905847784272,73.02218119158347,0.27041376439551884,Sunny
2024-04-12,26.195079667744295,35.1563298680996,30.165713143091104,72.86806373569802,0.27041376439551884,Sunny
2024-04-13,26.195079667744295,35.1563298680996,30.165713143091104,72.86806373569802,0.27041376439551884,Sunny
2024-04-14,26.195079667744295,35.1563298680996,30.165713143091104,72.86806373569802,0.27041376439551884,Sunny
2024-04-15,26.195079667744295,35.1563298680996,30.266598150059593,73.36545786552139,0.2951919064958673,Sunny
2024-04-16,26.195079667744295,35.1563298680996,30.266598150059593,73.36545786552139,0.2951919064958673,Sunny
2024-04-17,26.195079667744295,35.1563298680996,30.266598150059593,73.36545786552139,0.2951919064958673,Sunny
2024-04-18,25.713697233713624,35.14233211167599,30.227116988849797,73.41612373684757,0.3870543551832167,Sunny
2024-04-19,25.713697233713624,35.14233211167599,30.227116988849797,73.41612373684757,0.3870543551832167,Sunny
2024-04-20,25.713697233713624,35.14233211167599,30.227116988849797,73.41612373684757,0.3870543551832167,Sunny
2024-04-21,26.006174959332164,35.14233211167599,30.315272102909095,73.41612373684757,0.3273998066007045,Sunny
2024-04-22,25.713697233713624,34.64177686727051,29.93297818643242,73.41612373684757,0.3870543551832167,Sunny
2024-04-23,25.713697233713624,35.14233211167599,30.227116988849797,73.41612373684757,0.3870543551832167,Sunny
2024-04-24,25.713697233713624,35.14233211167599,30.227116988849797,73.41612373684757,0.3870543551832167,Sunny
2024-04-25,25.760367866564426,34.32254279332293,29.453173403279845,73.71527678157875,0.4740588098863785,Sunny
2024-04-26,25.760367866564426,34.280551141944734,29.453173403279845,73.71527678157875,0.4740588098863785,Sunny
2024-04-27,25.760367866564426,33.8880609953042,29.243780341643852,73.96726508645195,0.4740588098863785,Sunny
2024-04-28,25.760367866564426,33.8880609953042,29.243780341643852,73.96726508645195,0.4740588098863785,Sunny
2024-04-29,25.760367866564426,33.8880609953042,29.243780341643852,73.96726508645195,0.4740588098863785,Sunny
2024-04-30,25.713697233713624,34.13243094022466,29.51461100470961,73.96726508645195,0.4740588098863785,Sunny
2024-05-01,25.611921761517152,33.97830035148685,29.314883209464504,76.57245362053861,0.6286612557792393,Sunny
2024-05-02,25.611921761517152,33.97830035148685,29.314883209464504,76.57245362053861,0.6286612557792393,Sunny
2024-05-03,25.758565715629267,34.29621030576731,29.633171451173133,77.25650378838415,0.6286612557792393,Sunny
2024-05-04,25.758565715629267,34.29621030576731,29.633171451173133,75.99910160652675,0.6286612557792393,Sunny
2024-05-05,25.758565715629267,34.29621030576731,29.618503545423703,75.81797081480094,0.6286612557792393,Sunny
2024-05-06,25.758565715629267,34.29621030576731,29.618503545423703,75.50170747670337,0.6286612557792393,Sunny
2024-05-07,25.758565715629267,34.29621030576731,29.618503545423703,75.50170747670337,0.5829558780059949,Sunny
2024-05-08,25.758565715629267,34.2485133924081,29.618503545423703,75.50170747670337,0.5829558780059949,Sunny
2024-05-09,26.469194375676476,35.49675431858547,30.79008132850605,74.54292693046202,0.451874008033049,Sunny
2024-05-10,26.469194375676476,34.88541250999109,30.477663104340856,74.54292693046202,0.451874008033049,Sunny
2024-05-11,26.469194375676476,34.88541250999109,30.401169787006502,74.54292693046202,0.451874008033049,Sunny
2024-05-12,26.469194375676476,34.96372769125108,30.401169787006502,74.54292693046202,0.451874008033049,Sunny
2024-05-13,26.469194375676476,34.96372769125108,30.474950179494332,74.54292693046202,0.4656572323260278,Sunny
2024-05-14,26.469194375676476,34.96372769125108,30.474950179494332,74.54292693046202,0.4656572323260278,Sunny
2024-05-15,26.469194375676476,34.96372769125108,30.474950179494332,74.54292693046202,0.4656572323260278,Sunny
2024-05-16,26.469194375676476,34.96372769125108,30.474950179494332,74.54292693046202,0.4656572323260278,Sunny
2024-05-17,26.469194375676476,34.96372769125108,30.401169787006502,74.54292693046202,0.451874008033049,Sunny
2024-05-18,26.469194375676476,34.96372769125108,30.401169787006502,74.44823803459566,0.451874008033049,Sunny
2024-05-19,26.469194375676476,34.96372769125108,30.401169787006502,74.44823803459566,0.451874008033049,Sunny
2024-05-20,26.74110754977001,34.94870772260894,30.401169787006502,72.44074237001229,0.3125009946264872,Sunny
2024-05-21,27.051790302884577,35.02589749989192,30.649538974382313,70.0306468271594,0.3125009946264872,Sunny
2024-05-22,27.051790302884577,34.93578669922741,30.50473416641549,70.0306468271594,0.3296261686104578,Sunny
2024-05-23,27.051790302884577,34.93578669922741,30.50473416641549,70.30581252849872,0.35192668078930867,Sunny
2024-05-24,26.904432867998462,34.86036694468571,30.50473416641549,69.85121529095863,0.3867866560167146,Sunny
2024-05-25,26.904432867998462,34.656995787565286,30.489386520471015,70.36706028042548,0.48735473547422903,Sunny
2024-05-26,26.57235364677483,34.67201575620743,30.489386520471015,73.23666507963154,0.5784567427452814,Sunny
2024-05-27,26.57235364677483,34.67201575620743,30.489386520471015,73.23666507963154,0.5784567427452814,Sunny
2024-05-28,26.57235364677483,34.67201575620743,30.489386520471015,73.45629761656834,0.5784567427452814,Sunny
2024-05-29,26.57235364677483,34.67201575620743,30.489386520471015,73.45629761656834,0.5784567427452814,Sunny
2024-05-30,26.57235364677483,34.67201575620743,30.489386520471015,73.45629761656834,0.5784567427452814,Sunny
2024-05-31,27.026209638169075,34.351937447478775,29.897091747102564,73.41546394256885,0.5784567427452814,Sunny
2024-06-01,27.375368149775593,35.61268646685949,31.408297788870946,67.09300962996606,0.4773666199354944,Sunny
2024-06-02,27.375368149775593,35.61268646685949,31.408297788870946,68.7276171289854,0.4773666199354944,Sunny
2024-06-03,27.47188665030299,35.61268646685949,31.408297788870946,67.09300962996606,0.4773666199354944,Sunny
2024-06-04,27.47188665030299,35.29625310442171,31.350742387680445,67.09300962996606,0.4773666199354944,Sunny
2024-06-05,27.619244085189106,35.29625310442171,31.15114136150346,66.7715243379502,0.42094063881163374,Sunny
2024-06-06,27.316917726834856,35.16445429780461,30.800985583048753,66.64414424701218,0.42094063881163374,Sunny
2024-06-07,26.86306173544061,34.16323949508743,30.49479590441443,66.64414424701218,0.42094063881163374,Sunny
2024-06-08,26.935889875057835,34.2570489328232,30.28630049595195,67.78134254629526,0.43185006303881435,Sunny
2024-06-09,26.589945811665515,33.70680063967311,29.985617103889638,70.47278446451325,0.43482661880936707,Sunny
2024-06-10,26.725649297077915,33.70680063967311,29.985617103889638,70.47278446451325,0.4002876845717098,Sunny
2024-06-11,26.725649297077915,33.52252558598837,29.985617103889638,70.47278446451325,0.4002876845717098,Sunny
2024-06-12,26.725649297077915,33.50514469875112,29.985617103889638,71.20662400406991,0.4002876845717098,Sunny
2024-06-13,26.69412932655407,33.28893636991428,29.985617103889638,71.20662400406991,0.45999655454561983,Sunny
2024-06-14,26.69412932655407,33.23674755473978,29.741406876837868,71.39383218291998,0.5728529878266826,Sunny
2024-06-15,26.69412932655407,33.23674755473978,29.759845886320157,72.55770488919863,0.559217470174063,Sunny
2024-06-16,26.610294364492987,33.456456929449146,29.759845886320157,71.5247933591948,0.559217470174063,Sunny
2024-06-17,26.610294364492987,33.467907409189316,29.759845886320157,70.52505914161911,0.559217470174063,Sunny
2024-06-18,26.56577174718541,33.467907409189316,29.694495684164796,70.94283729421619,0.559217470174063,Sunny
2024-06-19,26.33453308434057,33.8392720991486,29.694495684164796,72.6092116405984,0.5808501819301104,Sunny
2024-06-20,26.610724243279808,34.09426662937575,30.125282181788577,70.94283729421619,0.5660783892316573,Sunny
2024-06-21,26.64591663751038,34.09426662937575,30.125282181788577,70.94283729421619,0.5602212623774693,Sunny
2024-06-22,26.64591663751038,34.09426662937575,30.125282181788577,70.94283729421619,0.5602212623774693,Sunny
2024-06-23,26.33453308434057,34.209227728355906,30.125282181788577,72.82120992935987,0.6008274787673357,Sunny
2024-06-24,26.33453308434057,34.209227728355906,30.125282181788577,72.82120992935987,0.6008274787673357,Sunny
2024-06-25,26.375221312943097,33.858618804155654,29.863194807098537,73.70772692078484,0.616867154588501,Sunny
2024-06-26,26.36095643104516,34.2196198176928,29.99919954287155,72.97232251246164,0.49990781081274027,Sunny
2024-06-27,26.03266568553965,34.35699706103138,29.52642314942664,73.35064175452291,0.6850983907963746,Sunny
2024-06-28,26.03266568553965,34.35699706103138,29.52642314942664,73.35064175452291,0.6922458317527732,Sunny
2024-06-29,26.334391743408073,34.46118629341876,30.02580021754967,73.9688742315077,0.6428877065406426,Sunny
2024-06-30,26.302559080134763,34.44616632477662,30.09115041970503,71.76795897709947,0.588944098119889,Sunny
2024-07-01,25.788818648497234,34.168716038094544,29.61498515232842,72.22423023234231,0.7570651070664615,Sunny
2024-07-02,26.34187774288553,34.33120522579647,30.066512598737727,71.69561245334764,0.6476292560975839,Sunny
2024-07-03,26.258036462827185,34.44616632477662,30.066512598737727,73.50878597720782,0.684706983769482,Sunny
2024-07-04,26.29030273725283,34.22436664416792,29.92910171925211,73.56125469353016,0.7025364140316119,Sunny
2024-07-05,26.29030273725283,34.22436664416792,29.92910171925211,73.56125469353016,0.7025364140316119,Sunny
2024-07-06,26.167763556782784,33.943147817732275,29.99445192140747,73.46214674342933,0.7016844827973662,Sunny
2024-07-07,26.334391743408073,33.77357917760307,29.6954231017701,76.35532934630984,0.6906949866700474,Sunny
2024-07-08,26.073810374638317,33.61108998990114,29.332050769420086,77.28353313395077,0.7448124726165711,Sunny
2024-07-09,26.073810374638317,33.522289288659266,29.332050769420086,77.28353313395077,0.7448124726165711,Sunny
2024-07-10,25.99745509405743,33.448969364702585,29.332050769420086,76.60726818419536,0.7448124726165711,Sunny
2024-07-11,25.99745509405743,33.448969364702585,29.332050769420086,76.60726818419536,0.7448124726165711,Sunny
2024-07-12,25.88256033056517,33.448969364702585,29.33075657584703,76.90782909173295,0.7448124726165711,Sunny
2024-07-13,26.19175989281388,33.28780039044069,29.2055352413336,75.92461407519819,0.6906949866700474,Sunny
2024-07-14,26.115404612232993,33.28780039044069,29.2055352413336,76.37921131273828,0.6906949866700474,Sunny
2024-07-15,26.230299375725252,33.28780039044069,29.206829434906656,75.91967056660151,0.6906949866700474,Sunny
2024-07-16,26.230299375725252,33.28780039044069,29.206829434906656,75.91967056660151,0.6906949866700474,Sunny
2024-07-17,26.230299375725252,33.34675605986879,29.286054974326824,74.77331564589639,0.6855856742927418,Sunny
2024-07-18,26.280633976363493,33.34675605986879,29.241005410542968,74.3187184083563,0.6906949866700474,Sunny
2024-07-19,26.14002646968085,33.286943565732074,29.16894473321271,74.3187184083563,0.7074877978084781,Sunny
2024-07-20,26.280633976363493,33.39192926424397,29.241005410542968,74.04355270701699,0.6182414052118966,Sunny
2024-07-21,26.280633976363493,33.39192926424397,29.241005410542968,74.04355270701699,0.6182414052118966,Sunny
2024-07-22,26.280633976363493,33.39192926424397,29.241005410542968,74.3187184083563,0.6182414052118966,Sunny
2024-07-23,26.280633976363493,33.39192926424397,29.241005410542968,74.3187184083563,0.6511667939919604,Sunny
2024-07-24,25.86970143805364,33.22944007654204,29.042976614108316,77.0966879143388,0.6511667939919604,Sunny
2024-07-25,25.86970143805364,33.22944007654204,29.042976614108316,77.44650683039616,0.709289388890818,Sunny
2024-07-26,25.819366837415398,33.30548927370423,29.12827653731587,77.90110406793625,0.709289388890818,Sunny
2024-07-27,25.969718006955496,33.30548927370423,29.163746706525238,76.16628065862987,0.709289388890818,Sunny
2024-07-28,25.969718006955496,33.30548927370423,29.163746706525238,76.16628065862987,0.709289388890818,Sunny
2024-07-29,25.83301140506337,33.68044360094907,29.552285768901772,74.0738297686067,0.7525370951011575,Sunny
2024-07-30,25.95245129227672,33.54501285143803,29.552285768901772,73.97147723368104,0.7376157887666783,Sunny
2024-07-31,25.95245129227672,33.54501285143803,29.552285768901772,73.19539470412509,0.7376157887666783,Sunny
2024-08-01,26.064163050963113,33.38385949308141,29.52655092041794,72.55438422258835,0.6160457197052989,Sunny
2024-08-02,26.32474441973287,33.17787674109966,29.445042455375905,72.5955448997268,0.5510797625372059,Sunny
2024-08-03,26.32474441973287,33.17787674109966,29.426603445893615,72.5955448997268,0.6231779120756622,Sunny
2024-08-04,26.202700095327664,33.17787674109966,29.426603445893615,73.11777277522314,0.651384783145957,Sunny
2024-08-05,26.044823387126968,33.06511643888432,29.212415371207396,76.5192770191779,0.6609808751379671,Sunny
2024-08-06,26.149228035736122,33.16425598746646,29.395064895213615,76.5192770191779,0.6609808751379671,Sunny
2024-08-07,26.30610107991837,33.56133053311628,29.871759071649443,73.97233493298974,0.6519597738543642,Sunny
2024-08-08,26.295942882948186,33.7718132179481,29.93705349410584,73.56725983359651,0.6309166417593848,Sunny
2024-08-09,26.295942882948186,33.7718132179481,29.93705349410584,73.56725983359651,0.6309166417593848,Sunny
2024-08-10,26.342303937991858,33.7718132179481,29.826464647429876,73.95867750584472,0.6309166417593848,Sunny
2024-08-11,26.424441676620262,33.449262529742306,29.583956724568118,74.10133301860013,0.6182516334229026,Sunny
2024-08-12,26.226260463344634,33.48693074177737,29.317153664763296,77.79463002549342,0.6276474422932279,Sunny
2024-08-13,26.152264574385423,33.410106618951914,29.31585947119024,78.03924368920404,0.6276474422932279,Sunny
2024-08-14,26.152264574385423,33.410106618951914,29.31585947119024,78.03924368920404,0.6276474422932279,Sunny
2024-08-15,26.152264574385423,33.410106618951914,29.31585947119024,78.03924368920404,0.597090566553131,Sunny
2024-08-16,26.152264574385423,33.410106618951914,29.31585947119024,78.03924368920404,0.597090566553131,Sunny
2024-08-17,26.1114350048504,33.4730344535717,29.31430030178468,77.67695563951183,0.6401821500105221,Sunny
2024-08-18,26.1114350048504,33.4730344535717,29.31430030178468,77.67695563951183,0.6401821500105221,Sunny
2024-08-19,26.1114350048504,33.4730344535717,29.31430030178468,77.67695563951183,0.6401821500105221,Sunny
2024-08-20,26.1114350048504,33.4730344535717,29.31430030178468,78.03924368920404,0.6401821500105221,Sunny
2024-08-21,26.1114350048504,33.4730344535717,29.31430030178468,77.67695563951183,0.6401821500105221,Sunny
2024-08-22,26.1114350048504,33.4730344535717,29.31430030178468,77.77934301025628,0.6401821500105221,Sunny
2024-08-23,26.1114350048504,33.5025454438996,29.31430030178468,77.77934301025628,0.7018294091685975,Sunny
2024-08-24,25.555991233544724,33.06137657189875,28.696596228189833,79.12640349204422,0.7996399948607497,Rain
2024-08-25,25.555991233544724,32.846798471345714,28.520211161299812,79.12640349204422,0.7996399948607497,Rain
2024-08-26,25.555991233544724,32.846798471345714,28.520211161299812,79.12640349204422,0.7996399948607497,Rain
2024-08-27,25.555991233544724,32.846798471345714,28.520211161299812,78.8512377907049,0.7996399948607497,Rain
2024-08-28,25.555991233544724,32.846798471345714,28.520211161299812,79.00535524659036,0.789287465229681,Rain
2024-08-29,25.555991233544724,32.846798471345714,28.520211161299812,79.00535524659036,0.789287465229681,Rain
2024-08-30,25.555991233544724,32.846798471345714,28.520211161299812,79.00535524659036,0.7842639281312123,Rain
2024-08-31,25.555991233544724,32.96521512543912,28.520211161299812,79.00535524659036,0.7842639281312123,Rain
2024-09-01,25.602661866395525,32.95019515679698,28.68151971826341,78.17786984348623,0.7842639281312123,Rain
2024-09-02,25.602661866395525,32.95019515679698,28.68151971826341,78.02375238760078,0.7842639281312123,Rain
2024-09-03,25.602661866395525,32.91680380878043,28.68151971826341,78.34001572569835,0.7842639281312123,Rain
2024-09-04,25.602661866395525,32.93182377742257,28.68151971826341,79.16750112880247,0.7842639281312123,Rain
2024-09-05,25.602661866395525,32.70768709238884,28.680964552237093,79.16750112880247,0.7842639281312123,Rain
2024-09-06,25.602661866395525,32.70768709238884,28.680964552237093,79.16750112880247,0.7842639281312123,Rain
2024-09-07,25.602661866395525,32.73742734029389,28.680964552237093,79.16750112880247,0.7842639281312123,Rain
2024-09-08,25.884305269894092,32.50327583798708,28.450536576619147,78.52846681533399,0.7748787002830468,Rain
2024-09-09,25.714407058511938,32.85346108171842,28.862927074306334,79.85685758881735,0.7748787002830468,Rain
2024-09-10,25.714407058511938,32.85346108171842,28.862927074306334,79.85685758881735,0.7748787002830468,Rain
2024-09-11,25.884305269894092,32.52483326007122,28.862927074306334,79.3536892358462,0.7748787002830468,Rain
2024-09-12,25.884305269894092,32.495093012166166,28.862927074306334,79.3536892358462,0.7748787002830468,Rain
2024-09-13,25.884305269894092,32.449888818112505,28.80839049041311,79.63274599312417,0.7748787002830468,Rain
2024-09-14,25.67169110779795,32.56877415346288,28.502308899687172,79.63274599312417,0.7800594898603352,Rain
2024-09-15,25.62502047494715,32.56877415346288,28.341000342723575,79.63274599312417,0.7800594898603352,Rain
2024-09-16,25.415688321030125,32.682650727956414,28.389364023752627,79.9079116944635,0.7800594898603352,Rain
2024-09-17,25.415688321030125,32.682650727956414,28.389364023752627,79.63274599312417,0.7800594898603352,Rain
2024-09-18,25.582679300537706,32.513554138582194,28.341000342723575,82.58295302373037,0.7800594898603352,Rain
2024-09-19,25.582679300537706,32.513554138582194,28.341000342723575,82.92160752483483,0.7800594898603352,Rain
2024-09-20,25.582679300537706,32.513554138582194,28.341000342723575,83.31821448901714,0.7800594898603352,Rain
2024-09-21,25.116089819101962,32.34359467072017,28.170335653698036,84.1156357085512,0.7748787002830468,Rain
2024-09-22,25.162760451952764,32.34359467072017,28.04795462071999,84.13775012671206,0.7748787002830468,Rain
2024-09-23,25.250919973825678,32.84812984982335,28.2840731371028,81.6995542564376,0.7842639281312123,Rain
2024-09-24,25.534921995996385,32.84812984982335,28.51494424106397,81.6995542564376,0.7842639281312123,Rain
2024-09-25,25.534921995996385,32.84812984982335,28.705069995254473,81.6995542564376,0.7842639281312123,Rain
2024-09-26,25.47460462198939,32.72540501212588,28.705069995254473,81.42106305037544,0.7842639281312123,Rain
2024-09-27,25.47460462198939,33.02899241706847,28.705069995254473,81.42106305037544,0.7842639281312123,Rain
2024-09-28,25.347484805743356,33.02899241706847,28.620396452941083,79.36748453805747,0.7748787002830468,Rain
2024-09-29,25.347484805743356,33.02899241706847,28.55508497016152,79.51346006485753,0.7748787002830468,Rain
2024-09-30,25.81331207087526,33.238109133460064,28.63975851247491,80.73955317407137,0.7842639281312123,Rain
2024-10-01,25.47460462198939,33.07801520299939,28.440823162319575,82.00315488296393,0.7842639281312123,Rain
2024-10-02,25.567598227442488,32.88469240602033,28.51944008378736,82.59652236121335,0.7748787002830468,Rain
2024-10-03,25.349570099773967,32.071716855896355,28.403650140477144,82.34154961305148,0.7748787002830468,Rain
2024-10-04,25.189133886222237,32.379483686333,28.403650140477144,82.48828461713441,0.7748787002830468,Rain
2024-10-05,25.567598227442488,32.26521739905581,28.51944008378736,82.34965514999597,0.7748787002830468,Rain
2024-10-06,25.347484805743356,32.350298488779046,28.261722174090472,79.12652346458849,0.7748787002830468,Rain
2024-10-07,25.534921995996385,32.47305647326584,28.406313368921655,81.54262543668467,0.7842639281312123,Rain
2024-10-08,25.534921995996385,32.47305647326584,28.406313368921655,81.54262543668467,0.7842639281312123,Rain
2024-10-09,25.347484805743356,32.47305647326584,28.321639826608266,79.36748453805747,0.7300280058461551,Sunny
2024-10-10,25.347484805743356,32.47305647326584,28.331085927039375,78.88665478358722,0.7300280058461551,Sunny
2024-10-11,25.309865618375618,32.30785576028148,28.255313580325357,78.96146617563004,0.7699274682321441,Sunny
2024-10-12,25.309865618375618,32.18509777579468,28.195395927807564,80.84440864001111,0.7699274682321441,Sunny
2024-10-13,25.309865618375618,32.18509777579468,28.195395927807564,80.50575413890665,0.7699274682321441,Sunny
2024-10-14,25.309865618375618,32.18509777579468,28.195395927807564,79.9119334791597,0.7699274682321441,Sunny
2024-10-15,25.309865618375618,32.18509777579468,28.195395927807564,79.9119334791597,0.7699274682321441,Sunny
2024-10-16,25.309865618375618,31.14307062089111,28.00044895681907,79.68192569864358,0.7699274682321441,Sunny
2024-10-17,25.309865618375618,31.07885565319776,28.00044895681907,79.68192569864358,0.7746172802060285,Rain
2024-10-18,25.309865618375618,31.347793817332814,27.665345351576473,79.68192569864358,0.6832738856785786,Sunny
2024-10-19,25.309865618375618,31.551754497389847,27.958275985006292,78.32301086189969,0.4662371142728514,Sunny
2024-10-20,25.309865618375618,31.832434666131856,28.037547544154034,78.32301086189969,0.5015224959694109,Sunny
2024-10-21,25.604350495138764,32.84826612632176,28.956198743335733,78.21608575517129,0.5015224959694109,Sunny
2024-10-22,25.604350495138764,32.84826612632176,28.956198743335733,78.21608575517129,0.5015224959694109,Sunny
2024-10-23,25.604350495138764,32.93196005392098,28.956198743335733,77.39086333465907,0.5015224959694109,Sunny
2024-10-24,25.368266803004577,32.89946612098504,28.84208349104592,76.21670136634873,0.4403988616196605,Sunny
2024-10-25,25.170986580332617,32.59893184126716,28.5285554411498,74.30310740992421,0.4159171179494568,Sunny
2024-10-26,25.170986580332617,32.59893184126716,28.5285554411498,74.30310740992421,0.4159171179494568,Sunny
2024-10-27,25.284695136276614,32.220865890912165,28.075851662342,72.40921165259027,0.4159171179494568,Sunny
2024-10-28,25.284695136276614,32.220865890912165,28.075851662342,72.40921165259027,0.4159171179494568,Sunny
2024-10-29,25.059241388216204,31.951795788415115,28.09963035646307,74.40634903784806,0.4538879506436977,Sunny
2024-10-30,24.823814311643222,32.111191854507446,27.810607046223577,78.57559879413733,0.4538879506436977,Sunny
2024-10-31,24.823814311643222,32.111191854507446,27.810607046223577,78.57559879413733,0.4538879506436977,Sunny
2024-11-01,25.06687137029695,32.635620671518076,28.280024915448344,72.3395420435845,0.2533099109459622,Sunny
2024-11-02,25.06687137029695,32.516674815985674,28.280024915448344,72.3395420435845,0.2533099109459622,Sunny
2024-11-03,25.06687137029695,32.516674815985674,28.280024915448344,72.3395420435845,0.2533099109459622,Sunny
2024-11-04,25.06687137029695,32.516674815985674,28.280024915448344,71.5016703102831,0.26548999099966053,Sunny
2024-11-05,25.06687137029695,32.22941518394441,28.166371101432084,71.70506742444807,0.26548999099966053,Sunny
2024-11-06,25.01509194286842,32.0671105770805,28.116663953521925,70.90208936812942,0.30448678027995146,Sunny
2024-11-07,25.01509194286842,32.0671105770805,28.152109228257526,68.08255316417545,0.30448678027995146,Sunny
2024-11-08,25.01509194286842,32.0671105770805,28.152109228257526,68.04342696386269,0.30448678027995146,Sunny
2024-11-09,24.88206335558299,32.03329712607805,28.152109228257526,68.04342696386269,0.07715288362327456,Sunny
2024-11-10,24.88206335558299,32.03329712607805,28.152109228257526,68.50733664664452,0.07715288362327456,Sunny
2024-11-11,24.88206335558299,32.03329712607805,28.152109228257526,68.50733664664452,0.07715288362327456,Sunny
2024-11-12,24.88206335558299,32.03329712607805,28.152109228257526,68.50733664664452,0.07715288362327456,Sunny
2024-11-13,24.787615178554187,31.899004657906087,28.109170348936182,67.73578665391393,0.0668410768820099,Sunny
2024-11-14,25.112162888018577,32.90055104123128,28.581034312944254,69.13856899948478,0.0668410768820099,Sunny
2024-11-15,25.416026992094242,33.353228958815166,28.777095140430394,69.7122625128962,0.0668410768820099,Sunny
2024-11-16,25.416026992094242,33.353228958815166,28.777095140430394,69.7122625128962,0.0668410768820099,Sunny
2024-11-17,25.52617758662938,33.353228958815166,28.91301967403169,68.61091485414525,0.0668410768820099,Sunny
2024-11-18,25.521481765180106,33.353228958815166,28.91301967403169,68.61091485414525,0.0668410768820099,Sunny
2024-11-19,25.42729211490174,33.353228958815166,28.91301967403169,68.04545066533434,0.0668410768820099,Sunny
2024-11-20,25.504955808138515,33.353228958815166,28.91301967403169,67.30627745065681,0.0668410768820099,Sunny
2024-11-21,25.526194265285508,33.4947716273585,28.91301967403169,67.0870515739002,0.0668410768820099,Sunny
2024-11-22,24.78131741873907,32.14366375903259,28.265763042273786,67.13917453980038,0.07715288362327456,Sunny
2024-11-23,24.603342741714755,31.88619061497927,27.97772380547031,66.30130280649898,0.07715288362327456,Sunny
2024-11-24,24.123183535256928,32.06379005108692,27.7506719703605,65.34773411096853,0.07715288362327456,Sunny
2024-11-25,24.123183535256928,32.06379005108692,27.7506719703605,65.34773411096853,0.07715288362327456,Sunny
2024-11-26,24.123183535256928,32.10999910668218,27.719256224710772,64.61420877444894,0.07715288362327456,Sunny
2024-11-27,23.538737179257982,32.08010928637158,27.696938152987414,63.273880984960165,0.07390350674183224,Sunny
2024-11-28,23.538737179257982,32.08010928637158,27.696938152987414,63.273880984960165,0.07385314654049603,Sunny
2024-11-29,23.538737179257982,32.08010928637158,27.696938152987414,63.76628455383746,0.07385314654049603,Sunny
2024-11-30,23.538737179257982,32.08010928637158,27.696938152987414,63.76628455383746,0.07385314654049603,Sunny
2024-12-01,21.900636048439562,30.39959648761682,25.94748753079042,58.86432103859482,0.0341423511699758,Sunny
2024-12-02,21.709811187288185,30.39959648761682,25.94748753079042,58.86432103859482,0.0341423511699758,Sunny
2024-12-03,21.5828784825161,30.005825695688173,25.498595690152452,58.693544201744785,0.0341423511699758,Sunny
2024-12-04,20.33289382194435,29.947308852245527,25.09190027313937,57.8955042800804,0.03571092855836443,Sunny
2024-12-05,20.33289382194435,30.116706394903424,25.09190027313937,57.8955042800804,0.03571092855836443,Sunny
2024-12-06,20.813053028402177,30.22753901770987,25.50338859276708,58.30154389352336,0.03571092855836443,Sunny
2024-12-07,20.813053028402177,30.043856226184527,25.50338859276708,58.30154389352336,0.03571092855836443,Sunny
2024-12-08,21.31172693834263,30.635947108690193,26.12907443562295,59.00073731735042,0.03434733106004937,Sunny
2024-12-09,21.22490556031546,30.7419496128928,26.314756259574846,59.74537240314374,0.03434733106004937,Sunny
2024-12-10,21.22490556031546,31.0412356173753,26.314756259574846,59.74537240314374,0.03434733106004937,Sunny
2024-12-11,22.21790271036581,31.85179072666075,27.362952112591145,61.46656035891252,0.03434733106004937,Sunny
2024-12-12,23.058862641683863,31.7409001160654,27.534979567011213,63.40140281572194,0.11048375870813466,Sunny
2024-12-13,23.440215422443558,32.2274662967659,27.85918300186055,63.712079448833066,0.046591891413961736,Sunny
2024-12-14,23.440215422443558,32.2274662967659,27.904533878283303,63.712079448833066,0.046591891413961736,Sunny
2024-12-15,23.440215422443558,32.2274662967659,28.002662200573734,63.712079448833066,0.039860343482964654,Sunny
2024-12-16,22.67581664957507,31.512728141189754,27.17955359066963,61.441409179147506,0.039860343482964654,Sunny
2024-12-17,22.711318526796948,31.526530313410838,27.23383926527508,61.64480629331246,0.039860343482964654,Sunny
2024-12-18,22.711318526796948,31.120324825837177,26.920009764916358,61.64480629331246,0.039860343482964654,Sunny
2024-12-19,22.711318526796948,31.146961556412272,26.920009764916358,62.30899178654599,0.039860343482964654,Sunny
2024-12-20,22.633800467175057,31.39962818025444,27.23894986056514,62.10559467238103,0.05204346013757882,Sunny
2024-12-21,21.953100924967487,31.39962818025444,27.13690249651311,62.10559467238103,0.09609267021903552,Sunny
2024-12-22,23.827928409092852,32.27828803015562,28.283519773887765,64.09750706937949,0.1123152439346742,Sunny
2024-12-23,23.683973168904256,32.30012727577452,28.477253252222162,64.16654906704433,0.08732250349051518,Sunny
2024-12-24,23.683973168904256,32.36397087382239,28.53976129920394,64.16654906704433,0.08732250349051518,Sunny
2024-12-25,23.38010906482859,32.13204749197541,28.186006858912727,63.91547656299802,0.08732250349051518,Sunny
2024-12-26,23.38010906482859,32.263881487478436,28.36336252085188,61.945042774943026,0.08732250349051518,Sunny
2024-12-27,23.453374322987806,32.19217742630413,27.88808361652219,61.5085548694151,0.06500357876094133,Sunny
2024-12-28,21.693632336311083,30.669794051113186,26.454703092996414,58.036108292773655,0.06500357876094133,Sunny
2024-12-29,23.132913525630528,30.17131839572023,26.77350155641534,58.848682120771954,0.07126456918518632,Sunny
2024-12-30,22.313893525630526,30.16568741711554,26.477494038528846,58.87595831128089,0.07126456918518632,Sunny
2024-12-31,22.313893525630526,30.16568741711554,26.477494038528846,58.87595831128089,0.07126456918518632,Sunny
2025-01-01,20.790145241019413,29.19826628999551,25.602506994830392,57.61701248100815,0.062231378193209896,Sunny
2025-01-02,21.564380940793637,29.60227318972353,26.00146127643598,58.036108292773655,0.06500357876094133,Sunny
2025-01-03,23.325276849735534,31.882063640950893,27.76621132665713,61.20801104466643,0.0644367770103964,Sunny
2025-01-04,23.267929593143943,31.91092057844112,28.115089036442075,62.80715895504358,0.07576307176204264,Sunny
2025-01-05,23.482941835937964,32.17785169669489,28.105016611886114,62.80860407861268,0.11470805579452711,Sunny
2025-01-06,23.482941835937964,31.576808977084276,27.84633311588503,62.80860407861268,0.11470805579452711,Sunny
2025-01-07,23.411192535373775,32.301907904735266,28.00425186115936,63.54609196150073,0.11470805579452711,Sunny
2025-01-08,23.411192535373775,32.33897630854999,27.941743814177585,61.65219620416681,0.11470805579452711,Sunny
2025-01-09,23.411192535373775,31.85174669888419,27.774224086596014,61.09791018476004,0.11470805579452711,Sunny
2025-01-10,22.921665288952266,31.20343707469794,27.102159104093378,58.6742766174167,0.06620031455094337,Sunny
2025-01-11,22.921665288952266,30.821286492546815,26.95946997955337,59.25214881569841,0.03600469285688254,Sunny
2025-01-12,22.856823517996705,30.75707152485347,27.009177127463527,59.40402394663362,0.04018681906010096,Sunny
2025-01-13,22.856823517996705,30.75707152485347,27.009177127463527,60.260668785323816,0.04018681906010096,Sunny
2025-01-14,22.856823517996705,30.87601738038587,27.009177127463527,59.682796587042105,0.04018681906010096,Sunny
2025-01-15,22.957840331998774,31.91316706581965,27.230292046940104,59.682796587042105,0.04018681906010096,Sunny
2025-01-16,22.98708924550173,31.924112408729464,27.182487907460843,64.29077865751833,0.0710843928514013,Sunny
2025-01-17,22.98708924550173,31.924112408729464,27.182487907460843,64.10986768909025,0.0710843928514013,Sunny
2025-01-18,23.04456031283729,31.319526100919077,26.870537988771808,62.990640909963815,0.03909664201550851,Sunny
2025-01-19,23.65998697594559,30.317501547882184,27.012751878135546,59.77460629711046,0.033410051899554406,Sunny
2025-01-20,23.51074050141255,32.07484254455892,27.641926482051996,62.98282537318265,0.03909664201550851,Sunny
2025-01-21,23.51074050141255,32.141662378717186,27.64978012427295,62.98282537318265,0.03909664201550851,Sunny
2025-01-22,23.58801660729396,32.141662378717186,27.64978012427295,62.98282537318265,0.03909664201550851,Sunny
2025-01-23,24.100444273225218,32.67189590523633,28.37119764694416,65.0014161530792,0.05105875009754704,Sunny
2025-01-24,23.59848383357873,33.14305657151936,28.43025044290575,65.89281278523637,0.05105875009754704,Sunny
2025-01-25,23.812378251738217,33.14305657151936,28.511628613288014,66.4729932423936,0.05105875009754704,Sunny
2025-01-26,23.812378251738217,33.14305657151936,28.511628613288014,65.21915399241216,0.05105875009754704,Sunny
2025-01-27,23.812378251738217,33.11712493284456,28.476784920145942,64.39813736566222,0.03909664201550851,Sunny
2025-01-28,23.766231309001775,33.266513637128945,28.543525665114956,63.82026516738049,0.03909664201550851,Sunny
2025-01-29,23.714451881573243,33.21495750281728,28.666293991846118,61.438794986837,0.035023827512037205,Sunny
2025-01-30,23.714451881573243,33.21495750281728,28.666293991846118,61.2486023767713,0.035023827512037205,Sunny
2025-01-31,23.760598824309685,33.285564017023404,28.73006781202852,61.82647457505301,0.035023827512037205,Sunny
2025-02-01,23.45522553806953,33.38523200698822,28.73006781202852,61.24629411789579,0.035023827512037205,Sunny
2025-02-02,23.45522553806953,33.38523200698822,28.73006781202852,61.24629411789579,0.035023827512037205,Sunny
2025-02-03,23.45522553806953,33.38523200698822,28.73006781202852,61.24629411789579,0.035023827512037205,Sunny
2025-02-04,23.546704406150198,33.38523200698822,28.58064952545196,61.24629411789579,0.035023827512037205,Sunny
2025-02-05,23.156540304283478,32.87235568641682,28.140201307093616,61.24629411789579,0.035023827512037205,Sunny
2025-02-06,23.50746143500562,33.106507188723626,28.52004756928812,62.017844110626406,0.04064085298541837,Sunny
2025-02-07,23.50746143500562,33.106507188723626,28.535395215232594,62.20803672069211,0.04064085298541837,Sunny
2025-02-08,23.55924086243415,33.18461590335619,28.585102363142752,64.58950690123557,0.045336166526666465,Sunny
2025-02-09,23.55924086243415,33.18461590335619,28.585102363142752,64.01163470295387,0.045336166526666465,Sunny
2025-02-10,23.55924086243415,33.241275654765865,28.57927360443541,64.01163470295387,0.045336166526666465,Sunny
2025-02-11,23.55924086243415,33.25030767995296,28.57927360443541,64.01163470295387,0.045336166526666465,Sunny
2025-02-12,23.5184052671747,33.25030767995296,28.54925933664103,62.77996361829595,0.043363819722460464,Sunny
2025-02-13,23.789221662983678,33.25030767995296,28.54925933664103,62.77996361829595,0.043363819722460464,Sunny
2025-02-14,24.106527941670766,33.782404258874614,28.93226976450088,64.03149515613867,0.042988826564508545,Sunny
2025-02-15,24.106527941670766,33.782404258874614,28.93226976450088,64.03149515613867,0.042988826564508545,Sunny
2025-02-16,23.9625455427341,33.722570049468494,28.83626100822063,63.01450782040455,0.043363819722460464,Sunny
2025-02-17,23.9625455427341,33.722570049468494,28.83626100822063,63.01450782040455,0.043363819722460464,Sunny
2025-02-18,23.9625455427341,33.722570049468494,28.83626100822063,63.01450782040455,0.043363819722460464,Sunny
2025-02-19,23.9625455427341,33.3604497472196,28.74624842987825,63.01450782040455,0.043363819722460464,Sunny
2025-02-20,23.9625455427341,33.3604497472196,28.74624842987825,63.01450782040455,0.043363819722460464,Sunny
2025-02-21,23.9625455427341,33.3604497472196,28.763982252250777,63.01450782040455,0.043363819722460464,Sunny
2025-02-22,24.113473444052985,33.99432086623348,28.914929835909586,64.03149515613867,0.053231444890393616,Sunny
2025-02-23,24.113473444052985,33.99432086623348,28.914929835909586,64.03149515613867,0.053231444890393616,Sunny
2025-02-24,24.727168713554885,34.264132043525066,29.04700791435527,65.7285941335468,0.09318464820848267,Sunny
2025-02-25,24.727168713554885,34.449062289716124,29.173325492747555,66.2719268600007,0.11068162392560552,Sunny
2025-02-26,24.727168713554885,34.449062289716124,29.173325492747555,66.2719268600007,0.11068162392560552,Sunny
2025-02-27,24.727168713554885,34.39764183297848,29.173325492747555,66.2719268600007,0.11068162392560552,Sunny
2025-02-28,25.019646439173425,34.39764183297848,29.26148060680685,66.72810655744368,0.1097913038626784,Sunny
2025-03-01,25.72533974503317,35.08640172567821,30.159727339874525,67.60249154970585,0.0817333911863057,Sunny
2025-03-02,25.72533974503317,35.08640172567821,30.159727339874525,67.78251322242731,0.09818755910572018,Sunny
2025-03-03,25.72533974503317,35.08640172567821,30.159727339874525,69.92072074407733,0.09818755910572018,Sunny
2025-03-04,25.886281606841077,35.08640172567821,30.159727339874525,69.92072074407733,0.09818755910572018,Sunny
2025-03-05,25.886281606841077,35.08640172567821,30.159727339874525,70.05944642438445,0.09818755910572018,Sunny
2025-03-06,25.595106451802465,34.94344504172928,30.159727339874525,70.70619534937128,0.09818755910572018,Sunny
2025-03-07,25.595106451802465,34.94344504172928,30.159727339874525,70.21709894301394,0.09818755910572018,Sunny
2025-03-08,25.545901771269016,34.94344504172928,30.035718088146485,70.70619534937128,0.09818755910572018,Sunny
2025-03-09,25.89473364818168,34.91832540523805,30.159727339874525,69.74713191426213,0.09818755910572018,Sunny
2025-03-10,25.750780396619483,35.30637200227599,30.296429673662463,70.24008414920961,0.09818755910572018,Sunny
2025-03-11,25.750780396619483,35.33149163876722,30.296429673662463,69.94004305446782,0.09818755910572018,Sunny
2025-03-12,25.98161314057958,35.44181338371023,30.47003292945372,70.55239865933193,0.09818755910572018,Sunny
2025-03-13,26.32475673444142,35.584770067659164,30.59404218118176,69.95577515655997,0.09818755910572018,Sunny
2025-03-14,26.32475673444142,35.584770067659164,30.59404218118176,69.95577515655997,0.09818755910572018,Sunny
2025-03-15,26.407331142559723,35.584770067659164,30.59404218118176,69.95577515655997,0.09818755910572018,Sunny
2025-03-16,26.407331142559723,35.584770067659164,30.59404218118176,69.95577515655997,0.09818755910572018,Sunny
2025-03-17,26.407331142559723,35.584770067659164,30.59404218118176,69.95577515655997,0.09818755910572018,Sunny
2025-03-18,26.552995312966598,35.80781774074386,30.735102876733748,69.95577515655997,0.09818755910572018,Sunny
2025-03-19,26.983473340015994,35.86913597060932,31.041965922875356,67.61364584189866,0.0947018646747142,Sunny
2025-03-20,26.983473340015994,35.86913597060932,31.041965922875356,67.61364584189866,0.0947018646747142,Sunny
2025-03-21,26.983473340015994,35.9234808279683,31.041965922875356,67.61364584189866,0.0947018646747142,Sunny
2025-03-22,26.7116194206999,35.3381229914196,30.75247024579192,67.17735480659792,0.0947018646747142,Sunny
2025-03-23,26.375923635731482,35.20152603259664,30.48698055933557,68.68909999250916,0.09574621979682384,Sunny
2025-03-24,26.650838453530422,35.737707437293786,30.74769214485155,68.71062831666177,0.09574621979682384,Sunny
2025-03-25,26.696103855093526,35.977370022253034,30.94429013948273,67.85550818060473,0.09714430382261242,Sunny
2025-03-26,26.696103855093526,35.91239820105411,30.94429013948273,67.75885288473167,0.09714430382261242,Sunny
2025-03-27,26.696103855093526,35.91239820105411,30.94429013948273,67.75885288473167,0.14629822174657545,Sunny
2025-03-28,27.20227241119155,36.240300352375655,31.17389625682896,67.4840376741534,0.07506675256082833,Sunny
2025-03-29,27.30577857837004,36.62854768944087,31.519579520893917,66.35317259626113,0.1289514215468292,Sunny
2025-03-30,27.278898771169313,36.58334349538721,31.48188277516924,66.62833829760045,0.1643762642225291,Sunny
2025-03-31,27.86830194144043,36.55195334604086,31.544207692661022,66.57726881680904,0.15655762160706588,Sunny
2025-04-01,27.252241327130946,36.31171252540527,31.375958350964474,68.35998121360615,0.16442857408279798,Sunny
2025-04-02,27.252241327130946,36.31171252540527,31.375958350964474,67.89255439370791,0.16442857408279798,Sunny
2025-04-03,27.069512591967705,36.31171252540527,31.165870179306385,67.89255439370791,0.16442857408279798,Sunny
2025-04-04,26.202242378671645,35.22915250876092,30.52489318311901,71.84425830411794,0.14855095547038516,Sunny
2025-04-05,25.789794038255014,34.57327617495407,29.818756803384016,73.45349022026522,0.14164107629756806,Sunny
2025-04-06,25.95569587536595,34.57327617495407,29.818756803384016,73.52834335858935,0.14164107629756806,Sunny
2025-04-07,25.72435880828358,34.13904573817895,29.3277644260393,73.5322350974438,0.2625767236643477,Sunny
2025-04-08,25.43188108266504,34.51721245117091,29.50940150447513,73.1254261952656,0.18407607100056586,Sunny
2025-04-09,26.03142035086525,34.95144288794603,30.080050855187437,72.9058752421619,0.18271666624798436,Sunny
2025-04-10,25.749474441846875,34.72209943132448,29.58905847784272,73.05999269804735,0.18271666624798436,Sunny
2025-04-11,25.749474441846875,34.72209943132448,29.58905847784272,72.86239980433137,0.18271666624798436,Sunny
2025-04-12,25.823079971692813,34.72209943132448,29.58905847784272,73.02218119158347,0.27041376439551884,Sunny
2025-04-13,26.195079667744295,35.1563298680996,30.165713143091104,72.86806373569802,0.27041376439551884,Sunny
2025-04-14,26.195079667744295,35.1563298680996,30.165713143091104,72.86806373569802,0.27041376439551884,Sunny
2025-04-15,26.195079667744295,35.1563298680996,30.165713143091104,72.86806373569802,0.27041376439551884,Sunny
2025-04-16,26.195079667744295,35.1563298680996,30.266598150059593,73.36545786552139,0.2951919064958673,Sunny
2025-04-17,26.195079667744295,35.1563298680996,30.266598150059593,73.36545786552139,0.2951919064958673,Sunny
2025-04-18,26.195079667744295,35.1563298680996,30.266598150059593,73.36545786552139,0.2951919064958673,Sunny
2025-04-19,25.713697233713624,35.14233211167599,30.227116988849797,73.41612373684757,0.3870543551832167,Sunny
2025-04-20,25.713697233713624,35.14233211167599,30.227116988849797,73.41612373684757,0.3870543551832167,Sunny
2025-04-21,25.713697233713624,35.14233211167599,30.227116988849797,73.41612373684757,0.3870543551832167,Sunny
2025-04-22,26.006174959332164,35.14233211167599,30.315272102909095,73.41612373684757,0.3273998066007045,Sunny
2025-04-23,25.713697233713624,34.64177686727051,29.93297818643242,73.41612373684757,0.3870543551832167,Sunny
2025-04-24,25.713697233713624,35.14233211167599,30.227116988849797,73.41612373684757,0.3870543551832167,Sunny
2025-04-25,25.713697233713624,35.14233211167599,30.227116988849797,73.41612373684757,0.3870543551832167,Sunny
2025-04-26,25.760367866564426,34.32254279332293,29.453173403279845,73.71527678157875,0.4740588098863785,Sunny
2025-04-27,25.760367866564426,34.280551141944734,29.453173403279845,73.71527678157875,0.4740588098863785,Sunny
2025-04-28,25.760367866564426,33.8880609953042,29.243780341643852,73.96726508645195,0.4740588098863785,Sunny
2025-04-29,25.760367866564426,33.8880609953042,29.243780341643852,73.96726508645195,0.4740588098863785,Sunny
2025-04-30,25.760367866564426,33.8880609953042,29.243780341643852,73.96726508645195,0.4740588098863785,Sunny
2025-05-01,25.758565715629267,34.356541380460165,29.633171451173133,76.45528130396973,0.6286612557792393,Sunny
2025-05-02,25.611921761517152,33.97830035148685,29.314883209464504,76.57245362053861,0.6286612557792393,Sunny
2025-05-03,25.611921761517152,33.97830035148685,29.314883209464504,76.57245362053861,0.6286612557792393,Sunny
2025-05-04,25.758565715629267,34.29621030576731,29.633171451173133,77.25650378838415,0.6286612557792393,Sunny
2025-05-05,25.758565715629267,34.29621030576731,29.633171451173133,75.99910160652675,0.6286612557792393,Sunny
2025-05-06,25.758565715629267,34.29621030576731,29.618503545423703,75.81797081480094,0.6286612557792393,Sunny
2025-05-07,25.758565715629267,34.29621030576731,29.618503545423703,75.50170747670337,0.6286612557792393,Sunny
2025-05-08,25.758565715629267,34.29621030576731,29.618503545423703,75.50170747670337,0.5829558780059949,Sunny
2025-05-09,25.758565715629267,34.2485133924081,29.618503545423703,75.50170747670337,0.5829558780059949,Sunny
2025-05-10,26.469194375676476,35.49675431858547,30.79008132850605,74.54292693046202,0.451874008033049,Sunny
2025-05-11,26.469194375676476,34.88541250999109,30.477663104340856,74.54292693046202,0.451874008033049,Sunny
2025-05-12,26.469194375676476,34.88541250999109,30.401169787006502,74.54292693046202,0.451874008033049,Sunny
2025-05-13,26.469194375676476,34.96372769125108,30.401169787006502,74.54292693046202,0.451874008033049,Sunny
2025-05-14,26.469194375676476,34.96372769125108,30.474950179494332,74.54292693046202,0.4656572323260278,Sunny
2025-05-15,26.469194375676476,34.96372769125108,30.474950179494332,74.54292693046202,0.4656572323260278,Sunny
2025-05-16,26.469194375676476,34.96372769125108,30.474950179494332,74.54292693046202,0.4656572323260278,Sunny
2025-05-17,26.469194375676476,34.96372769125108,30.474950179494332,74.54292693046202,0.4656572323260278,Sunny
2025-05-18,26.469194375676476,34.96372769125108,30.401169787006502,74.54292693046202,0.451874008033049,Sunny
2025-05-19,26.469194375676476,34.96372769125108,30.401169787006502,74.44823803459566,0.451874008033049,Sunny
2025-05-20,26.469194375676476,34.96372769125108,30.401169787006502,74.44823803459566,0.451874008033049,Sunny
2025-05-21,26.74110754977001,34.94870772260894,30.401169787006502,72.44074237001229,0.3125009946264872,Sunny
2025-05-22,27.051790302884577,35.02589749989192,30.649538974382313,70.0306468271594,0.3125009946264872,Sunny
2025-05-23,27.051790302884577,34.93578669922741,30.50473416641549,70.0306468271594,0.3296261686104578,Sunny
2025-05-24,27.051790302884577,34.93578669922741,30.50473416641549,70.30581252849872,0.35192668078930867,Sunny
2025-05-25,26.904432867998462,34.86036694468571,30.50473416641549,69.85121529095863,0.3867866560167146,Sunny
2025-05-26,26.904432867998462,34.656995787565286,30.489386520471015,70.36706028042548,0.48735473547422903,Sunny
2025-05-27,26.57235364677483,34.67201575620743,30.489386520471015,73.23666507963154,0.5784567427452814,Sunny
2025-05-28,26.57235364677483,34.67201575620743,30.489386520471015,73.23666507963154,0.5784567427452814,Sunny
2025-05-29,26.57235364677483,34.67201575620743,30.489386520471015,73.45629761656834,0.5784567427452814,Sunny
2025-05-30,26.57235364677483,34.67201575620743,30.489386520471015,73.45629761656834,0.5784567427452814,Sunny
2025-05-31,26.57235364677483,34.67201575620743,30.489386520471015,73.45629761656834,0.5784567427452814,Sunny
2025-06-01,27.375368149775593,35.61268646685949,31.408297788870946,67.09300962996606,0.4773666199354944,Sunny
2025-06-02,27.375368149775593,35.61268646685949,31.408297788870946,67.09300962996606,0.4773666199354944,Sunny
2025-06-03,27.375368149775593,35.61268646685949,31.408297788870946,68.7276171289854,0.4773666199354944,Sunny
2025-06-04,27.47188665030299,35.61268646685949,31.408297788870946,67.09300962996606,0.4773666199354944,Sunny
2025-06-05,27.47188665030299,35.29625310442171,31.350742387680445,67.09300962996606,0.4773666199354944,Sunny
2025-06-06,27.619244085189106,35.29625310442171,31.15114136150346,66.7715243379502,0.42094063881163374,Sunny
2025-06-07,27.316917726834856,35.16445429780461,30.800985583048753,66.64414424701218,0.42094063881163374,Sunny
2025-06-08,26.86306173544061,34.16323949508743,30.49479590441443,66.64414424701218,0.42094063881163374,Sunny
2025-06-09,26.935889875057835,34.2570489328232,30.28630049595195,67.78134254629526,0.43185006303881435,Sunny
2025-06-10,26.589945811665515,33.70680063967311,29.985617103889638,70.47278446451325,0.43482661880936707,Sunny
2025-06-11,26.725649297077915,33.70680063967311,29.985617103889638,70.47278446451325,0.4002876845717098,Sunny
2025-06-12,26.725649297077915,33.52252558598837,29.985617103889638,70.47278446451325,0.4002876845717098,Sunny
2025-06-13,26.725649297077915,33.50514469875112,29.985617103889638,71.20662400406991,0.4002876845717098,Sunny
2025-06-14,26.69412932655407,33.28893636991428,29.985617103889638,71.20662400406991,0.45999655454561983,Sunny
2025-06-15,26.69412932655407,33.23674755473978,29.741406876837868,71.39383218291998,0.5728529878266826,Sunny
2025-06-16,26.69412932655407,33.23674755473978,29.759845886320157,72.55770488919863,0.559217470174063,Sunny
2025-06-17,26.610294364492987,33.456456929449146,29.759845886320157,71.5247933591948,0.559217470174063,Sunny
2025-06-18,26.610294364492987,33.467907409189316,29.759845886320157,70.52505914161911,0.559217470174063,Sunny
2025-06-19,26.56577174718541,33.467907409189316,29.694495684164796,70.94283729421619,0.559217470174063,Sunny
2025-06-20,26.33453308434057,33.8392720991486,29.694495684164796,72.6092116405984,0.5808501819301104,Sunny
2025-06-21,26.610724243279808,34.09426662937575,30.125282181788577,70.94283729421619,0.5660783892316573,Sunny
2025-06-22,26.64591663751038,34.09426662937575,30.125282181788577,70.94283729421619,0.5602212623774693,Sunny
2025-06-23,26.64591663751038,34.09426662937575,30.125282181788577,70.94283729421619,0.5602212623774693,Sunny
2025-06-24,26.33453308434057,34.209227728355906,30.125282181788577,72.82120992935987,0.6008274787673357,Sunny
2025-06-25,26.33453308434057,34.209227728355906,30.125282181788577,72.82120992935987,0.6008274787673357,Sunny
2025-06-26,26.375221312943097,33.858618804155654,29.863194807098537,73.70772692078484,0.616867154588501,Sunny
2025-06-27,26.36095643104516,34.2196198176928,29.99919954287155,72.97232251246164,0.49990781081274027,Sunny
2025-06-28,26.03266568553965,34.35699706103138,29.52642314942664,73.35064175452291,0.6850983907963746,Sunny
2025-06-29,26.03266568553965,34.35699706103138,29.52642314942664,73.35064175452291,0.6922458317527732,Sunny
2025-06-30,26.334391743408073,34.46118629341876,30.02580021754967,73.9688742315077,0.6428877065406426,Sunny
2025-07-01,26.258036462827185,34.47986335180719,30.066512598737727,73.29678768844636,0.6675028036435392,Sunny
2025-07-02,25.788818648497234,34.168716038094544,29.61498515232842,72.22423023234231,0.7570651070664615,Sunny
2025-07-03,26.34187774288553,34.33120522579647,30.066512598737727,71.69561245334764,0.6476292560975839,Sunny
2025-07-04,26.258036462827185,34.44616632477662,30.066512598737727,73.50878597720782,0.684706983769482,Sunny
2025-07-05,26.29030273725283,34.22436664416792,29.92910171925211,73.56125469353016,0.7025364140316119,Sunny
2025-07-06,26.29030273725283,34.22436664416792,29.92910171925211,73.56125469353016,0.7025364140316119,Sunny
2025-07-07,26.167763556782784,33.943147817732275,29.99445192140747,73.46214674342933,0.7016844827973662,Sunny
2025-07-08,26.334391743408073,33.77357917760307,29.6954231017701,76.35532934630984,0.6906949866700474,Sunny
2025-07-09,26.073810374638317,33.61108998990114,29.332050769420086,77.28353313395077,0.7448124726165711,Sunny
2025-07-10,26.073810374638317,33.522289288659266,29.332050769420086,77.28353313395077,0.7448124726165711,Sunny
2025-07-11,25.99745509405743,33.448969364702585,29.332050769420086,76.60726818419536,0.7448124726165711,Sunny
2025-07-12,25.99745509405743,33.448969364702585,29.332050769420086,76.60726818419536,0.7448124726165711,Sunny
2025-07-13,25.88256033056517,33.448969364702585,29.33075657584703,76.90782909173295,0.7448124726165711,Sunny
2025-07-14,26.19175989281388,33.28780039044069,29.2055352413336,75.92461407519819,0.6906949866700474,Sunny
2025-07-15,26.115404612232993,33.28780039044069,29.2055352413336,76.37921131273828,0.6906949866700474,Sunny
2025-07-16,26.230299375725252,33.28780039044069,29.206829434906656,75.91967056660151,0.6906949866700474,Sunny
2025-07-17,26.230299375725252,33.28780039044069,29.206829434906656,75.91967056660151,0.6906949866700474,Sunny
2025-07-18,26.230299375725252,33.34675605986879,29.286054974326824,74.77331564589639,0.6855856742927418,Sunny
2025-07-19,26.280633976363493,33.34675605986879,29.241005410542968,74.3187184083563,0.6906949866700474,Sunny
2025-07-20,26.14002646968085,33.286943565732074,29.16894473321271,74.3187184083563,0.7074877978084781,Sunny
2025-07-21,26.280633976363493,33.39192926424397,29.241005410542968,74.04355270701699,0.6182414052118966,Sunny
2025-07-22,26.280633976363493,33.39192926424397,29.241005410542968,74.04355270701699,0.6182414052118966,Sunny
2025-07-23,26.280633976363493,33.39192926424397,29.241005410542968,74.3187184083563,0.6182414052118966,Sunny
2025-07-24,26.280633976363493,33.39192926424397,29.241005410542968,74.3187184083563,0.6511667939919604,Sunny
2025-07-25,25.86970143805364,33.22944007654204,29.042976614108316,77.0966879143388,0.6511667939919604,Sunny
2025-07-26,25.86970143805364,33.22944007654204,29.042976614108316,77.44650683039616,0.709289388890818,Sunny
2025-07-27,25.819366837415398,33.30548927370423,29.12827653731587,77.90110406793625,0.709289388890818,Sunny
2025-07-28,25.969718006955496,33.30548927370423,29.163746706525238,76.16628065862987,0.709289388890818,Sunny
2025-07-29,25.969718006955496,33.30548927370423,29.163746706525238,76.16628065862987,0.709289388890818,Sunny
2025-07-30,25.83301140506337,33.68044360094907,29.552285768901772,74.0738297686067,0.7525370951011575,Sunny
2025-07-31,25.95245129227672,33.54501285143803,29.552285768901772,73.97147723368104,0.7376157887666783,Sunny
2025-08-01,26.17783406631878,33.44444938034813,29.598611597748196,72.55438422258835,0.6160457197052989,Sunny
2025-08-02,26.064163050963113,33.38385949308141,29.52655092041794,72.55438422258835,0.6160457197052989,Sunny
2025-08-03,26.32474441973287,33.17787674109966,29.445042455375905,72.5955448997268,0.5510797625372059,Sunny
2025-08-04,26.32474441973287,33.17787674109966,29.426603445893615,72.5955448997268,0.6231779120756622,Sunny
2025-08-05,26.202700095327664,33.17787674109966,29.426603445893615,73.11777277522314,0.651384783145957,Sunny
2025-08-06,26.044823387126968,33.06511643888432,29.212415371207396,76.5192770191779,0.6609808751379671,Sunny
2025-08-07,26.149228035736122,33.16425598746646,29.395064895213615,76.5192770191779,0.6609808751379671,Sunny
2025-08-08,26.30610107991837,33.56133053311628,29.871759071649443,73.97233493298974,0.6519597738543642,Sunny
2025-08-09,26.295942882948186,33.7718132179481,29.93705349410584,73.56725983359651,0.6309166417593848,Sunny
2025-08-10,26.295942882948186,33.7718132179481,29.93705349410584,73.56725983359651,0.6309166417593848,Sunny
2025-08-11,26.342303937991858,33.7718132179481,29.826464647429876,73.95867750584472,0.6309166417593848,Sunny
2025-08-12,26.424441676620262,33.449262529742306,29.583956724568118,74.10133301860013,0.6182516334229026,Sunny
2025-08-13,26.226260463344634,33.48693074177737,29.317153664763296,77.79463002549342,0.6276474422932279,Sunny
2025-08-14,26.152264574385423,33.410106618951914,29.31585947119024,78.03924368920404,0.6276474422932279,Sunny
2025-08-15,26.152264574385423,33.410106618951914,29.31585947119024,78.03924368920404,0.6276474422932279,Sunny
2025-08-16,26.152264574385423,33.410106618951914,29.31585947119024,78.03924368920404,0.597090566553131,Sunny
2025-08-17,26.152264574385423,33.410106618951914,29.31585947119024,78.03924368920404,0.597090566553131,Sunny
2025-08-18,26.1114350048504,33.4730344535717,29.31430030178468,77.67695563951183,0.6401821500105221,Sunny
2025-08-19,26.1114350048504,33.4730344535717,29.31430030178468,77.67695563951183,0.6401821500105221,Sunny
2025-08-20,26.1114350048504,33.4730344535717,29.31430030178468,77.67695563951183,0.6401821500105221,Sunny
2025-08-21,26.1114350048504,33.4730344535717,29.31430030178468,78.03924368920404,0.6401821500105221,Sunny
2025-08-22,26.1114350048504,33.4730344535717,29.31430030178468,77.67695563951183,0.6401821500105221,Sunny
2025-08-23,26.1114350048504,33.4730344535717,29.31430030178468,77.77934301025628,0.6401821500105221,Sunny
2025-08-24,26.1114350048504,33.5025454438996,29.31430030178468,77.77934301025628,0.7018294091685975,Sunny
2025-08-25,25.555991233544724,33.06137657189875,28.696596228189833,79.12640349204422,0.7996399948607497,Rain
2025-08-26,25.555991233544724,32.846798471345714,28.520211161299812,79.12640349204422,0.7996399948607497,Rain
2025-08-27,25.555991233544724,32.846798471345714,28.520211161299812,79.12640349204422,0.7996399948607497,Rain
2025-08-28,25.555991233544724,32.846798471345714,28.520211161299812,78.8512377907049,0.7996399948607497,Rain
2025-08-29,25.555991233544724,32.846798471345714,28.520211161299812,79.00535524659036,0.789287465229681,Rain
2025-08-30,25.555991233544724,32.846798471345714,28.520211161299812,79.00535524659036,0.789287465229681,Rain
2025-08-31,25.555991233544724,32.846798471345714,28.520211161299812,79.00535524659036,0.7842639281312123,Rain
2025-09-01,25.602661866395525,32.96521512543912,28.68151971826341,79.00535524659036,0.7842639281312123,Rain
2025-09-02,25.602661866395525,32.95019515679698,28.68151971826341,78.17786984348623,0.7842639281312123,Rain
2025-09-03,25.602661866395525,32.95019515679698,28.68151971826341,78.02375238760078,0.7842639281312123,Rain
2025-09-04,25.602661866395525,32.91680380878043,28.68151971826341,78.34001572569835,0.7842639281312123,Rain
2025-09-05,25.602661866395525,32.93182377742257,28.68151971826341,79.16750112880247,0.7842639281312123,Rain
2025-09-06,25.602661866395525,32.70768709238884,28.680964552237093,79.16750112880247,0.7842639281312123,Rain
2025-09-07,25.602661866395525,32.70768709238884,28.680964552237093,79.16750112880247,0.7842639281312123,Rain
2025-09-08,25.602661866395525,32.73742734029389,28.680964552237093,79.16750112880247,0.7842639281312123,Rain
2025-09-09,25.884305269894092,32.50327583798708,28.450536576619147,78.52846681533399,0.7748787002830468,Rain
2025-09-10,25.714407058511938,32.85346108171842,28.862927074306334,79.85685758881735,0.7748787002830468,Rain
2025-09-11,25.714407058511938,32.85346108171842,28.862927074306334,79.85685758881735,0.7748787002830468,Rain
2025-09-12,25.884305269894092,32.52483326007122,28.862927074306334,79.3536892358462,0.7748787002830468,Rain
2025-09-13,25.884305269894092,32.495093012166166,28.862927074306334,79.3536892358462,0.7748787002830468,Rain
2025-09-14,25.884305269894092,32.449888818112505,28.80839049041311,79.63274599312417,0.7748787002830468,Rain
2025-09-15,25.67169110779795,32.56877415346288,28.502308899687172,79.63274599312417,0.7800594898603352,Rain
2025-09-16,25.62502047494715,32.56877415346288,28.341000342723575,79.63274599312417,0.7800594898603352,Rain
2025-09-17,25.415688321030125,32.682650727956414,28.389364023752627,79.9079116944635,0.7800594898603352,Rain
2025-09-18,25.415688321030125,32.682650727956414,28.389364023752627,79.63274599312417,0.7800594898603352,Rain
2025-09-19,25.582679300537706,32.513554138582194,28.341000342723575,82.58295302373037,0.7800594898603352,Rain
2025-09-20,25.582679300537706,32.513554138582194,28.341000342723575,82.92160752483483,0.7800594898603352,Rain
2025-09-21,25.582679300537706,32.513554138582194,28.341000342723575,83.31821448901714,0.7800594898603352,Rain
2025-09-22,25.116089819101962,32.34359467072017,28.170335653698036,84.1156357085512,0.7748787002830468,Rain
2025-09-23,25.162760451952764,32.34359467072017,28.04795462071999,84.13775012671206,0.7748787002830468,Rain
2025-09-24,25.250919973825678,32.84812984982335,28.2840731371028,81.6995542564376,0.7842639281312123,Rain
2025-09-25,25.534921995996385,32.84812984982335,28.51494424106397,81.6995542564376,0.7842639281312123,Rain
2025-09-26,25.534921995996385,32.84812984982335,28.705069995254473,81.6995542564376,0.7842639281312123,Rain
2025-09-27,25.47460462198939,32.72540501212588,28.705069995254473,81.42106305037544,0.7842639281312123,Rain
2025-09-28,25.47460462198939,33.02899241706847,28.705069995254473,81.42106305037544,0.7842639281312123,Rain
2025-09-29,25.347484805743356,33.02899241706847,28.620396452941083,79.36748453805747,0.7748787002830468,Rain
2025-09-30,25.347484805743356,33.02899241706847,28.55508497016152,79.51346006485753,0.7748787002830468,Rain
2025-10-01,25.47460462198939,32.91638003581093,28.55278787204299,82.00315488296393,0.7842639281312123,Rain
2025-10-02,25.47460462198939,33.07801520299939,28.440823162319575,82.00315488296393,0.7842639281312123,Rain
2025-10-03,25.567598227442488,32.88469240602033,28.51944008378736,82.59652236121335,0.7748787002830468,Rain
2025-10-04,25.349570099773967,32.071716855896355,28.403650140477144,82.34154961305148,0.7748787002830468,Rain
2025-10-05,25.189133886222237,32.379483686333,28.403650140477144,82.48828461713441,0.7748787002830468,Rain
2025-10-06,25.567598227442488,32.26521739905581,28.51944008378736,82.34965514999597,0.7748787002830468,Rain
2025-10-07,25.347484805743356,32.350298488779046,28.261722174090472,79.12652346458849,0.7748787002830468,Rain
2025-10-08,25.534921995996385,32.47305647326584,28.406313368921655,81.54262543668467,0.7842639281312123,Rain
2025-10-09,25.534921995996385,32.47305647326584,28.406313368921655,81.54262543668467,0.7842639281312123,Rain
2025-10-10,25.347484805743356,32.47305647326584,28.321639826608266,79.36748453805747,0.7300280058461551,Sunny
2025-10-11,25.347484805743356,32.47305647326584,28.331085927039375,78.88665478358722,0.7300280058461551,Sunny
2025-10-12,25.309865618375618,32.30785576028148,28.255313580325357,78.96146617563004,0.7699274682321441,Sunny
2025-10-13,25.309865618375618,32.18509777579468,28.195395927807564,80.84440864001111,0.7699274682321441,Sunny
2025-10-14,25.309865618375618,32.18509777579468,28.195395927807564,80.50575413890665,0.7699274682321441,Sunny
2025-10-15,25.309865618375618,32.18509777579468,28.195395927807564,79.9119334791597,0.7699274682321441,Sunny
2025-10-16,25.309865618375618,32.18509777579468,28.195395927807564,79.9119334791597,0.7699274682321441,Sunny
2025-10-17,25.309865618375618,31.14307062089111,28.00044895681907,79.68192569864358,0.7699274682321441,Sunny
2025-10-18,25.309865618375618,31.07885565319776,28.00044895681907,79.68192569864358,0.7746172802060285,Rain
2025-10-19,25.309865618375618,31.347793817332814,27.665345351576473,79.68192569864358,0.6832738856785786,Sunny
2025-10-20,25.309865618375618,31.551754497389847,27.958275985006292,78.32301086189969,0.4662371142728514,Sunny
2025-10-21,25.309865618375618,31.832434666131856,28.037547544154034,78.32301086189969,0.5015224959694109,Sunny
2025-10-22,25.604350495138764,32.84826612632176,28.956198743335733,78.21608575517129,0.5015224959694109,Sunny
2025-10-23,25.604350495138764,32.84826612632176,28.956198743335733,78.21608575517129,0.5015224959694109,Sunny
2025-10-24,25.604350495138764,32.93196005392098,28.956198743335733,77.39086333465907,0.5015224959694109,Sunny
2025-10-25,25.368266803004577,32.89946612098504,28.84208349104592,76.21670136634873,0.4403988616196605,Sunny
2025-10-26,25.170986580332617,32.59893184126716,28.5285554411498,74.30310740992421,0.4159171179494568,Sunny
2025-10-27,25.170986580332617,32.59893184126716,28.5285554411498,74.30310740992421,0.4159171179494568,Sunny
2025-10-28,25.284695136276614,32.220865890912165,28.075851662342,72.40921165259027,0.4159171179494568,Sunny
2025-10-29,25.284695136276614,32.220865890912165,28.075851662342,72.40921165259027,0.4159171179494568,Sunny
2025-10-30,25.059241388216204,31.951795788415115,28.09963035646307,74.40634903784806,0.4538879506436977,Sunny
2025-10-31,24.823814311643222,32.111191854507446,27.810607046223577,78.57559879413733,0.4538879506436977,Sunny
2025-11-01,25.06687137029695,32.675441783541274,28.280024915448344,72.3395420435845,0.28787138879656116,Sunny
2025-11-02,25.06687137029695,32.635620671518076,28.280024915448344,72.3395420435845,0.2533099109459622,Sunny
2025-11-03,25.06687137029695,32.516674815985674,28.280024915448344,72.3395420435845,0.2533099109459622,Sunny
2025-11-04,25.06687137029695,32.516674815985674,28.280024915448344,72.3395420435845,0.2533099109459622,Sunny
2025-11-05,25.06687137029695,32.516674815985674,28.280024915448344,71.5016703102831,0.26548999099966053,Sunny
2025-11-06,25.06687137029695,32.22941518394441,28.166371101432084,71.70506742444807,0.26548999099966053,Sunny
2025-11-07,25.01509194286842,32.0671105770805,28.116663953521925,70.90208936812942,0.30448678027995146,Sunny
2025-11-08,25.01509194286842,32.0671105770805,28.152109228257526,68.08255316417545,0.30448678027995146,Sunny
2025-11-09,25.01509194286842,32.0671105770805,28.152109228257526,68.04342696386269,0.30448678027995146,Sunny
2025-11-10,24.88206335558299,32.03329712607805,28.152109228257526,68.04342696386269,0.07715288362327456,Sunny
2025-11-11,24.88206335558299,32.03329712607805,28.152109228257526,68.50733664664452,0.07715288362327456,Sunny
2025-11-12,24.88206335558299,32.03329712607805,28.152109228257526,68.50733664664452,0.07715288362327456,Sunny
2025-11-13,24.88206335558299,32.03329712607805,28.152109228257526,68.50733664664452,0.07715288362327456,Sunny
2025-11-14,24.787615178554187,31.899004657906087,28.109170348936182,67.73578665391393,0.0668410768820099,Sunny
2025-11-15,25.112162888018577,32.90055104123128,28.581034312944254,69.13856899948478,0.0668410768820099,Sunny
2025-11-16,25.416026992094242,33.353228958815166,28.777095140430394,69.7122625128962,0.0668410768820099,Sunny
2025-11-17,25.416026992094242,33.353228958815166,28.777095140430394,69.7122625128962,0.0668410768820099,Sunny
2025-11-18,25.52617758662938,33.353228958815166,28.91301967403169,68.61091485414525,0.0668410768820099,Sunny
2025-11-19,25.521481765180106,33.353228958815166,28.91301967403169,68.61091485414525,0.0668410768820099,Sunny
2025-11-20,25.42729211490174,33.353228958815166,28.91301967403169,68.04545066533434,0.0668410768820099,Sunny
2025-11-21,25.504955808138515,33.353228958815166,28.91301967403169,67.30627745065681,0.0668410768820099,Sunny
2025-11-22,25.526194265285508,33.4947716273585,28.91301967403169,67.0870515739002,0.0668410768820099,Sunny
2025-11-23,24.78131741873907,32.14366375903259,28.265763042273786,67.13917453980038,0.07715288362327456,Sunny
2025-11-24,24.603342741714755,31.88619061497927,27.97772380547031,66.30130280649898,0.07715288362327456,Sunny
2025-11-25,24.123183535256928,32.06379005108692,27.7506719703605,65.34773411096853,0.07715288362327456,Sunny
2025-11-26,24.123183535256928,32.06379005108692,27.7506719703605,65.34773411096853,0.07715288362327456,Sunny
2025-11-27,24.123183535256928,32.10999910668218,27.719256224710772,64.61420877444894,0.07715288362327456,Sunny
2025-11-28,23.538737179257982,32.08010928637158,27.696938152987414,63.273880984960165,0.07390350674183224,Sunny
2025-11-29,23.538737179257982,32.08010928637158,27.696938152987414,63.273880984960165,0.07385314654049603,Sunny
2025-11-30,23.538737179257982,32.08010928637158,27.696938152987414,63.76628455383746,0.07385314654049603,Sunny
2025-12-01,21.900636048439562,30.52330310244492,26.102909011751056,58.86432103859482,0.0341423511699758,Sunny
2025-12-02,21.900636048439562,30.39959648761682,25.94748753079042,58.86432103859482,0.0341423511699758,Sunny
2025-12-03,21.709811187288185,30.39959648761682,25.94748753079042,58.86432103859482,0.0341423511699758,Sunny
2025-12-04,21.5828784825161,30.005825695688173,25.498595690152452,58.693544201744785,0.0341423511699758,Sunny
2025-12-05,20.33289382194435,29.947308852245527,25.09190027313937,57.8955042800804,0.03571092855836443,Sunny
2025-12-06,20.33289382194435,30.116706394903424,25.09190027313937,57.8955042800804,0.03571092855836443,Sunny
2025-12-07,20.813053028402177,30.22753901770987,25.50338859276708,58.30154389352336,0.03571092855836443,Sunny
2025-12-08,20.813053028402177,30.043856226184527,25.50338859276708,58.30154389352336,0.03571092855836443,Sunny
2025-12-09,21.31172693834263,30.635947108690193,26.12907443562295,59.00073731735042,0.03434733106004937,Sunny
2025-12-10,21.22490556031546,30.7419496128928,26.314756259574846,59.74537240314374,0.03434733106004937,Sunny
2025-12-11,21.22490556031546,31.0412356173753,26.314756259574846,59.74537240314374,0.03434733106004937,Sunny
2025-12-12,22.21790271036581,31.85179072666075,27.362952112591145,61.46656035891252,0.03434733106004937,Sunny
2025-12-13,23.058862641683863,31.7409001160654,27.534979567011213,63.40140281572194,0.11048375870813466,Sunny
2025-12-14,23.440215422443558,32.2274662967659,27.85918300186055,63.712079448833066,0.046591891413961736,Sunny
2025-12-15,23.440215422443558,32.2274662967659,27.904533878283303,63.712079448833066,0.046591891413961736,Sunny
2025-12-16,23.440215422443558,32.2274662967659,28.002662200573734,63.712079448833066,0.039860343482964654,Sunny
2025-12-17,22.67581664957507,31.512728141189754,27.17955359066963,61.441409179147506,0.039860343482964654,Sunny
2025-12-18,22.711318526796948,31.526530313410838,27.23383926527508,61.64480629331246,0.039860343482964654,Sunny
2025-12-19,22.711318526796948,31.120324825837177,26.920009764916358,61.64480629331246,0.039860343482964654,Sunny
2025-12-20,22.711318526796948,31.146961556412272,26.920009764916358,62.30899178654599,0.039860343482964654,Sunny
2025-12-21,22.633800467175057,31.39962818025444,27.23894986056514,62.10559467238103,0.05204346013757882,Sunny
2025-12-22,21.953100924967487,31.39962818025444,27.13690249651311,62.10559467238103,0.09609267021903552,Sunny
2025-12-23,23.827928409092852,32.27828803015562,28.283519773887765,64.09750706937949,0.1123152439346742,Sunny
2025-12-24,23.683973168904256,32.30012727577452,28.477253252222162,64.16654906704433,0.08732250349051518,Sunny
2025-12-25,23.683973168904256,32.36397087382239,28.53976129920394,64.16654906704433,0.08732250349051518,Sunny
2025-12-26,23.38010906482859,32.13204749197541,28.186006858912727,63.91547656299802,0.08732250349051518,Sunny
2025-12-27,23.38010906482859,32.263881487478436,28.36336252085188,61.945042774943026,0.08732250349051518,Sunny
2025-12-28,23.453374322987806,32.19217742630413,27.88808361652219,61.5085548694151,0.06500357876094133,Sunny
2025-12-29,21.693632336311083,30.669794051113186,26.454703092996414,58.036108292773655,0.06500357876094133,Sunny
2025-12-30,23.132913525630528,30.17131839572023,26.77350155641534,58.848682120771954,0.07126456918518632,Sunny
2025-12-31,22.313893525630526,30.16568741711554,26.477494038528846,58.87595831128089,0.07126456918518632,Sunny
